domain,dataset,n_eval,eval_unit,model,config,metric,value,source_doc
brain_age,TDBRAIN+LEMON+HBN,,subjects_10fold,classical,normal,R2,0.74,docs/EEG_FM_ATLAS.md
brain_age,TDBRAIN+LEMON+HBN,,subjects_10fold,Mantis,normal,R2,0.69,docs/EEG_FM_ATLAS.md
brain_age,TDBRAIN+LEMON+HBN,,subjects_10fold,LaBraM,normal,R2,0.67,docs/EEG_FM_ATLAS.md
brain_age,TDBRAIN+LEMON+HBN,,subjects_10fold,MOMENT,normal,R2,0.65,docs/EEG_FM_ATLAS.md
brain_age,TDBRAIN+LEMON+HBN,,subjects_10fold,BIOT,normal,R2,0.64,docs/EEG_FM_ATLAS.md
brain_age,TDBRAIN+LEMON+HBN,,subjects_10fold,LuMamba,normal,R2,0.63,docs/EEG_FM_ATLAS.md
brain_age,TDBRAIN+LEMON+HBN,,subjects_10fold,Chronos-Bolt,normal,R2,0.60,docs/EEG_FM_ATLAS.md
brain_age,TDBRAIN+LEMON+HBN,,subjects_10fold,REVE,normal,R2,0.59,docs/EEG_FM_ATLAS.md
brain_age,TDBRAIN+LEMON+HBN,,subjects_10fold,ZUNA,normal,R2,0.57,docs/EEG_FM_ATLAS.md
bci,TrianaGuzman2024_MI,32,subjects_LOSO,classical,normal,norm_BA,0.598,docs/EEG_FM_ATLAS.md
bci,TrianaGuzman2024_MI,32,subjects_LOSO,classical,identity_free,norm_BA,0.561,docs/EEG_FM_ATLAS.md
bci,TrianaGuzman2024_MI,32,subjects_LOSO,REVE,normal,norm_BA,0.540,docs/EEG_FM_ATLAS.md
bci,TrianaGuzman2024_MI,32,subjects_LOSO,REVE,identity_free,norm_BA,0.515,docs/EEG_FM_ATLAS.md
cogneuro,ERPCORE_mean7,40,subjects_LOSO,classical,normal,LOSO_BA,0.544,docs/EEG_FM_ATLAS.md
cogneuro,ERPCORE_mean7,40,subjects_LOSO,REVE,normal,LOSO_BA,0.641,docs/EEG_FM_ATLAS.md
brain_to_image,Alljoined_sub01,1,subject_smoke,REVE,normal,top1_retrieval,0.167,docs/EEG_FM_ATLAS.md
epilepsy,TUSZ,865,recordings,classical,normal,sens_at_10_FPday,0.409,docs/epilepsy_tusz_results.md
epilepsy,TUSZ,865,recordings,classical,normal,F1,0.534,docs/epilepsy_tusz_results.md
epilepsy,TUSZ,865,recordings,classical,identity_free,sens_at_10_FPday,0.250,docs/epilepsy_tusz_results.md
epilepsy,TUSZ,865,recordings,classical,identity_free,F1,0.483,docs/epilepsy_tusz_results.md
epilepsy,TUSZ,865,recordings,REVE,normal,sens_at_10_FPday,0.197,docs/epilepsy_tusz_results.md
epilepsy,TUSZ,865,recordings,REVE,normal,F1,0.430,docs/epilepsy_tusz_results.md
epilepsy,TUSZ,865,recordings,REVE,identity_free,sens_at_10_FPday,0.000,docs/epilepsy_tusz_results.md
epilepsy,TUSZ,865,recordings,REVE,identity_free,F1,0.337,docs/epilepsy_tusz_results.md
epilepsy,TUSZ,865,recordings,EEGDINO,normal,sens_at_10_FPday,0.382,docs/epilepsy_tusz_results.md
epilepsy,TUSZ,865,recordings,EEGDINO,normal,F1,0.547,docs/epilepsy_tusz_results.md
epilepsy,TUSZ,865,recordings,EEGDINO,identity_free,sens_at_10_FPday,0.000,docs/epilepsy_tusz_results.md
epilepsy,TUSZ,865,recordings,EEGDINO,identity_free,F1,0.337,docs/epilepsy_tusz_results.md
epilepsy,SeizeIT2,671,recordings,classical,normal,AUC_FA_0p1_10,0.062,docs/epilepsy_tusz_results.md
epilepsy,SeizeIT2,671,recordings,classical,normal,sens_at_10_FPday,0.153,docs/epilepsy_tusz_results.md
epilepsy,SeizeIT2,671,recordings,classical,identity_free,AUC_FA_0p1_10,0.043,docs/epilepsy_tusz_results.md
epilepsy,SeizeIT2,671,recordings,classical,identity_free,sens_at_10_FPday,0.153,docs/epilepsy_tusz_results.md
epilepsy,Helsinki_neonatal,15,recordings,classical,normal,AUC_FA_0p1_10,0.108,docs/helsinki_neonatal_results.md
epilepsy,Helsinki_neonatal,15,recordings,classical,normal,sens_at_10_FPday,0.159,docs/helsinki_neonatal_results.md
epilepsy,Helsinki_neonatal,15,recordings,classical,identity_free,AUC_FA_0p1_10,0.041,docs/helsinki_neonatal_results.md
epilepsy,Helsinki_neonatal,15,recordings,classical,identity_free,sens_at_10_FPday,0.085,docs/helsinki_neonatal_results.md
epilepsy,Helsinki_neonatal,15,recordings,REVE,normal,AUC_FA_0p1_10,0.000,docs/helsinki_neonatal_results.md
epilepsy,Helsinki_neonatal,15,recordings,REVE,normal,sens_at_10_FPday,0.000,docs/helsinki_neonatal_results.md
epilepsy,Helsinki_neonatal,15,recordings,REVE,identity_free,AUC_FA_0p1_10,0.104,docs/helsinki_neonatal_results.md
epilepsy,Helsinki_neonatal,15,recordings,REVE,identity_free,sens_at_10_FPday,0.171,docs/helsinki_neonatal_results.md
sleep,Sleep_EDF,30,recordings,classical,normal,balanced_accuracy,0.677,docs/sleep_edf_results.md
sleep,Sleep_EDF,30,recordings,classical,normal,cohens_kappa,0.551,docs/sleep_edf_results.md
sleep,Sleep_EDF,30,recordings,classical,identity_free,balanced_accuracy,0.635,docs/sleep_edf_results.md
sleep,Sleep_EDF,30,recordings,classical,identity_free,cohens_kappa,0.508,docs/sleep_edf_results.md
sleep,Sleep_EDF,30,recordings,REVE,normal,balanced_accuracy,0.599,docs/sleep_edf_results.md
sleep,Sleep_EDF,30,recordings,REVE,normal,cohens_kappa,0.459,docs/sleep_edf_results.md
sleep,Sleep_EDF,30,recordings,REVE,identity_free,balanced_accuracy,0.368,docs/sleep_edf_results.md
sleep,Sleep_EDF,30,recordings,REVE,identity_free,cohens_kappa,0.202,docs/sleep_edf_results.md
sleep,HMC,22,recordings,classical,normal,balanced_accuracy,0.929,docs/hmc_sleep_results.md
sleep,HMC,22,recordings,classical,normal,cohens_kappa,0.859,docs/hmc_sleep_results.md
sleep,HMC,22,recordings,classical,identity_free,balanced_accuracy,0.887,docs/hmc_sleep_results.md
sleep,HMC,22,recordings,classical,identity_free,cohens_kappa,0.774,docs/hmc_sleep_results.md
sleep,HMC,22,recordings,REVE,normal,balanced_accuracy,0.949,docs/hmc_sleep_results.md
sleep,HMC,22,recordings,REVE,normal,cohens_kappa,0.898,docs/hmc_sleep_results.md
sleep,HMC,22,recordings,REVE,identity_free,balanced_accuracy,0.704,docs/hmc_sleep_results.md
sleep,HMC,22,recordings,REVE,identity_free,cohens_kappa,0.408,docs/hmc_sleep_results.md
epilepsy,TUSZ,865,recordings,classical,normal,sens_at_1_FPday,0.333,docs/epilepsy_tusz_results.md
epilepsy,TUSZ,865,recordings,classical,identity_free,sens_at_1_FPday,0.192,docs/epilepsy_tusz_results.md
epilepsy,TUSZ,865,recordings,REVE,normal,sens_at_1_FPday,0.085,docs/epilepsy_tusz_results.md
epilepsy,TUSZ,865,recordings,REVE,identity_free,sens_at_1_FPday,0.000,docs/epilepsy_tusz_results.md
epilepsy,TUSZ,865,recordings,EEGDINO,normal,sens_at_1_FPday,0.000,docs/epilepsy_tusz_results.md
epilepsy,TUSZ,865,recordings,EEGDINO,identity_free,sens_at_1_FPday,0.000,docs/epilepsy_tusz_results.md
epilepsy,SeizeIT2,671,recordings,classical,normal,sens_at_1_FPday,0.000,docs/epilepsy_tusz_results.md
epilepsy,SeizeIT2,671,recordings,classical,identity_free,sens_at_1_FPday,0.031,docs/epilepsy_tusz_results.md
epilepsy,Helsinki_neonatal,15,recordings,classical,normal,sens_at_1_FPday,0.085,docs/helsinki_neonatal_results.md
epilepsy,Helsinki_neonatal,15,recordings,classical,identity_free,sens_at_1_FPday,0.024,docs/helsinki_neonatal_results.md
epilepsy,Helsinki_neonatal,15,recordings,REVE,normal,sens_at_1_FPday,0.000,docs/helsinki_neonatal_results.md
epilepsy,Helsinki_neonatal,15,recordings,REVE,identity_free,sens_at_1_FPday,0.085,docs/helsinki_neonatal_results.md
cogneuro,ERN_ds004883,162,subjects_LOSO,classical,normal,LOSO_BA,0.576,docs/nemar_cogneuro_extras_results.md
cogneuro,ERN_ds004883,162,subjects_LOSO,classical,identity_free,LOSO_BA,0.590,docs/nemar_cogneuro_extras_results.md
cogneuro,ERN_ds004883,162,subjects_LOSO,REVE,normal,LOSO_BA,0.694,docs/nemar_cogneuro_extras_results.md
cogneuro,ERN_ds004883,162,subjects_LOSO,REVE,identity_free,LOSO_BA,0.624,docs/nemar_cogneuro_extras_results.md
cogneuro,N170_ds002718,18,subjects_LOSO,REVE,normal,LOSO_BA,0.603,docs/nemar_cogneuro_extras_results.md
cogneuro,N170_ds002718,18,subjects_LOSO,REVE,identity_free,LOSO_BA,0.601,docs/nemar_cogneuro_extras_results.md
cogneuro,P3aud_ds003061,13,subjects_LOSO,classical,normal,LOSO_BA,0.611,docs/nemar_cogneuro_extras_results.md
cogneuro,P3aud_ds003061,13,subjects_LOSO,classical,identity_free,LOSO_BA,0.627,docs/nemar_cogneuro_extras_results.md
cogneuro,P3aud_ds003061,13,subjects_LOSO,REVE,normal,LOSO_BA,0.714,docs/nemar_cogneuro_extras_results.md
cogneuro,P3aud_ds003061,13,subjects_LOSO,REVE,identity_free,LOSO_BA,0.716,docs/nemar_cogneuro_extras_results.md
cogneuro,P3vis_ds006018,98,subjects_LOSO,classical,normal,LOSO_BA,0.592,docs/nemar_cogneuro_extras_results.md
cogneuro,P3vis_ds006018,98,subjects_LOSO,classical,identity_free,LOSO_BA,0.503,docs/nemar_cogneuro_extras_results.md
cogneuro,P3vis_ds006018,98,subjects_LOSO,REVE,normal,LOSO_BA,0.680,docs/nemar_cogneuro_extras_results.md
cogneuro,P3vis_ds006018,98,subjects_LOSO,REVE,identity_free,LOSO_BA,0.631,docs/nemar_cogneuro_extras_results.md
cogneuro,M3CV_condition,95,subjects_LOSO,classical,normal,LOSO_BA,0.593,docs/nemar_cogneuro_extras_results.md
cogneuro,M3CV_condition,95,subjects_LOSO,classical,identity_free,LOSO_BA,0.599,docs/nemar_cogneuro_extras_results.md
sleep,DOD_H,25,recordings,classical,normal,balanced_accuracy,0.699,docs/dreem_dod_sleep_results.md
sleep,DOD_H,25,recordings,classical,normal,cohens_kappa,0.657,docs/dreem_dod_sleep_results.md
sleep,DOD_H,25,recordings,classical,identity_free,balanced_accuracy,0.582,docs/dreem_dod_sleep_results.md
sleep,DOD_H,25,recordings,classical,identity_free,cohens_kappa,0.424,docs/dreem_dod_sleep_results.md
sleep,DOD_H,25,recordings,REVE,normal,balanced_accuracy,0.663,docs/dreem_dod_sleep_results.md
sleep,DOD_H,25,recordings,REVE,normal,cohens_kappa,0.521,docs/dreem_dod_sleep_results.md
sleep,DOD_H,25,recordings,REVE,identity_free,balanced_accuracy,0.579,docs/dreem_dod_sleep_results.md
sleep,DOD_H,25,recordings,REVE,identity_free,cohens_kappa,0.400,docs/dreem_dod_sleep_results.md
sleep,DOD_O,56,recordings,classical,normal,balanced_accuracy,0.649,docs/dreem_dod_sleep_results.md
sleep,DOD_O,56,recordings,classical,normal,cohens_kappa,0.555,docs/dreem_dod_sleep_results.md
sleep,DOD_O,56,recordings,classical,identity_free,balanced_accuracy,0.513,docs/dreem_dod_sleep_results.md
sleep,DOD_O,56,recordings,classical,identity_free,cohens_kappa,0.390,docs/dreem_dod_sleep_results.md
sleep,DOD_O,56,recordings,REVE,normal,balanced_accuracy,0.690,docs/dreem_dod_sleep_results.md
sleep,DOD_O,56,recordings,REVE,normal,cohens_kappa,0.572,docs/dreem_dod_sleep_results.md
sleep,DOD_O,56,recordings,REVE,identity_free,balanced_accuracy,0.608,docs/dreem_dod_sleep_results.md
sleep,DOD_O,56,recordings,REVE,identity_free,cohens_kappa,0.472,docs/dreem_dod_sleep_results.md
sleep,EarEEG,2,recordings,classical,normal,balanced_accuracy,0.642,docs/eareeg_sleep_results.md
sleep,EarEEG,2,recordings,classical,normal,cohens_kappa,0.495,docs/eareeg_sleep_results.md
sleep,EarEEG,2,recordings,classical,identity_free,balanced_accuracy,0.547,docs/eareeg_sleep_results.md
sleep,EarEEG,2,recordings,classical,identity_free,cohens_kappa,0.402,docs/eareeg_sleep_results.md
sleep,EarEEG,2,recordings,REVE,normal,balanced_accuracy,0.592,docs/eareeg_sleep_results.md
sleep,EarEEG,2,recordings,REVE,normal,cohens_kappa,0.448,docs/eareeg_sleep_results.md
sleep,EarEEG,2,recordings,REVE,identity_free,balanced_accuracy,0.597,docs/eareeg_sleep_results.md
sleep,EarEEG,2,recordings,REVE,identity_free,cohens_kappa,0.434,docs/eareeg_sleep_results.md
epilepsy,CHBMIT,4,patients,classical,normal,event_sens_auc,0.457,docs/chbmit_epilepsy_results.md
epilepsy,CHBMIT,4,patients,classical,identity_free,event_sens_auc,0.312,docs/chbmit_epilepsy_results.md
epilepsy,CHBMIT,4,patients,REVE,normal,event_sens_auc,0.014,docs/chbmit_epilepsy_results.md
epilepsy,CHBMIT,4,patients,REVE,identity_free,event_sens_auc,0.093,docs/chbmit_epilepsy_results.md
epilepsy,Siena,2,patients,classical,normal,event_sens_auc,0.790,docs/siena_epilepsy_results.md
epilepsy,Siena,2,patients,classical,identity_free,event_sens_auc,1.000,docs/siena_epilepsy_results.md
epilepsy,Siena,2,patients,REVE,normal,event_sens_auc,0.000,docs/siena_epilepsy_results.md
epilepsy,Siena,2,patients,REVE,identity_free,event_sens_auc,0.000,docs/siena_epilepsy_results.md
sleep,ISRUC,17,subjects,classical,normal,balanced_accuracy,0.664,docs/isruc_sleep_results.md
sleep,ISRUC,17,subjects,classical,normal,cohens_kappa,0.618,docs/isruc_sleep_results.md
sleep,ISRUC,17,subjects,classical,identity_free,balanced_accuracy,0.626,docs/isruc_sleep_results.md
sleep,ISRUC,17,subjects,classical,identity_free,cohens_kappa,0.553,docs/isruc_sleep_results.md
sleep,ISRUC,17,subjects,REVE,normal,balanced_accuracy,0.697,docs/isruc_sleep_results.md
sleep,ISRUC,17,subjects,REVE,normal,cohens_kappa,0.637,docs/isruc_sleep_results.md
sleep,ISRUC,17,subjects,REVE,identity_free,balanced_accuracy,0.641,docs/isruc_sleep_results.md
sleep,ISRUC,17,subjects,REVE,identity_free,cohens_kappa,0.560,docs/isruc_sleep_results.md
